<server description="new server">

    <!-- Enable features -->
    <featureManager>
        <feature>webProfile-7.0</feature>
        <feature>concurrent-1.0</feature>
        <feature>localConnector-1.0</feature>
        <feature>servlet-3.1</feature>
    </featureManager>

    <!-- To access this server from a remote client add a host attribute to the following element, e.g. host="*" -->
    <httpEndpoint id="defaultHttpEndpoint" httpPort="9080" />

    <!-- Automatically expand WAR files and EAR files -->
    <applicationManager autoExpand="true" />
    <applicationMonitor updateTrigger="mbean" />

</server>